fin_year,month,state_code,state_name,district_code,district_name,Approved_Labour_Budget,Average_Wage_rate_per_day_per_person,Average_days_of_employment_provided_per_Household,Differently_abled_persons_worked,Material_and_skilled_Wages,Number_of_Completed_Works,Number_of_GPs_with_NIL_exp,Number_of_Ongoing_Works,Persondays_of_Central_Liability_so_far,SC_persondays,SC_workers_against_active_workers,ST_persondays,ST_workers_against_active_workers,Total_Adm_Expenditure,Total_Exp,Total_Households_Worked,Total_Individuals_Worked,Total_No_of_Active_Job_Cards,Total_No_of_Active_Workers,Total_No_of_HHs_completed_100_Days_of_Wage_Employment,Total_No_of_JobCards_issued,Total_No_of_Workers,Total_No_of_Works_Takenup,Wages,Women_Persondays,percent_of_Category_B_Works,percent_of_Expenditure_on_Agriculture_Allied_Works,percent_of_NRM_Expenditure,percentage_payments_gererated_within_15_days,Remarks
2023-2024,June,31,UTTAR PRADESH,3110,MORADABAD,1409968,183.91,26,132,87.47,1189,11,17369,1391502,274009,38603,929,130,21.69,2668.28,53078,61650,132742,178649,12,174008,270022,18558,2559.12,399210,24,54.3,15.26,100.71,NA
2023-2024,June,31,UTTAR PRADESH,3114,MUZAFFARNAGAR,281204,187.27,22,25,22.31,408,53,7781,279713,82747,14992,387,118,9.30,555.42,12282,13628,43952,50359,9,74744,116682,8189,523.81,110488,20,22.6,55.41,104.32,NA
2023-2024,June,31,UTTAR PRADESH,3115,MEERUT,189407,161.08,25,13,5.88,43,100,6764,189407,81377,14348,434,159,1.40,312.38,7370,8030,27596,32549,0,43881,68877,6807,305.10,74055,13,51.57,3.85,101.83,NA
2022-2023,June,31,UTTAR PRADESH,3110,MORADABAD,1200000,175.50,24,120,75.20,1000,15,15000,1200000,250000,35000,800,120,18.50,2400.00,48000,55000,120000,160000,10,150000,240000,16000,2200.00,350000,22,52.0,14.50,98.50,NA
2022-2023,June,31,UTTAR PRADESH,3114,MUZAFFARNAGAR,250000,180.25,20,20,20.00,350,45,7000,250000,75000,13500,350,100,8.50,500.00,11000,12500,40000,45000,8,70000,110000,7500,480.00,100000,18,20.0,50.00,102.00,NA
2022-2023,June,31,UTTAR PRADESH,3115,MEERUT,170000,155.75,23,10,5.00,35,90,6000,170000,75000,13000,400,140,1.20,280.00,6800,7500,25000,30000,0,40000,65000,6000,275.00,68000,12,50.0,3.50,100.50,NA
2021-2022,June,31,UTTAR PRADESH,3110,MORADABAD,1000000,170.00,22,100,70.00,800,20,12000,1000000,220000,30000,700,100,16.00,2000.00,42000,50000,100000,140000,8,130000,210000,14000,1900.00,300000,20,50.0,13.00,96.00,NA
2021-2022,June,31,UTTAR PRADESH,3114,MUZAFFARNAGAR,220000,175.00,18,18,18.00,300,40,6000,220000,68000,12000,320,90,7.50,450.00,10000,11500,36000,40000,6,65000,100000,7000,420.00,90000,16,18.0,45.00,100.00,NA
2021-2022,June,31,UTTAR PRADESH,3115,MEERUT,150000,150.00,21,8,4.50,30,80,5000,150000,70000,11500,380,130,1.00,250.00,6200,7000,22000,27000,0,35000,60000,5500,240.00,62000,10,48.0,3.00,99.00,NA
